['/p/BwMW7Y1jDqy/'],"6,467",122,25.5k,[]
['/p/BwMJPigjGaf/'],"12,472",441,54.5k,"['#Bengaluru', '#ChowkidarChorHai']"
['/p/BwL87kOJHFf/'],10.6k,56,-1,['#JallianwalaBagh']
['/p/BwKUxFGlmZV/'],"12,331",363,59k,"['#TamilNadu', '#mbdb']"
['/p/BwJRb57lsRG/'],17.3k,622,-1,"['#FridayFeeling', '#NoMo', '#AchheDin']"
['/p/BwJNSCfFumh/'],"7,431",59,29.7k,[]
['/p/BwGZA0dlzvT/'],14.7k,582,-1,"['#Congress', '#Vote', '#MyVoteForCongress', '#AbHogaNYAY', '#namoagain']"
['/p/BwGY--Jl8ay/'],"6,189",54,-1,"['#Congress', '#Vote', '#MyVoteForCongress', '#AbHogaNYAY', '#congress', '#inc', '#rahulgandhi', '#CONgress']"
['/p/BwGY8muFgVe/'],"6,258",65,-1,"['#Congress', '#Vote', '#MyVoteForCongress', '#AbHogaNYAY']"
['/p/BwEtC7vlbup/'],13k,209,-1,[]
['/p/BwEtBqsFRhH/'],"7,745",35,-1,['#congresswilldeliver']
['/p/BwEtAk5lfMB/'],19.6k,297,-1,[]
['/p/BwEs-o2FeB5/'],"8,675",28,-1,[]
['/p/BwEs8b-FVZe/'],"8,690",14,-1,[]
['/p/BwEs6BwlMLl/'],"9,246",31,-1,[]
['/p/BwEg1QvFy0X/'],"25,102","1,196",272k,"['#ChowkidarChorHai', '#AbHogaNyay', '#RafaleDeal']"
['/p/BwEfFmulf1Q/'],31.6k,237,-1,"['#Amethi', '#AmethiKaRahulGandhi', '#LokSabhaElections2019', '#chowkidarnarendramodi', '#namoagain']"
['/p/BwEedSwF4MW/'],22.2k,251,-1,"['#Amethi', '#LokSabhaElections2019', '#AmethiKaRahulGandhi', '#namoagain', '#namoagain2019', '#abkibaarphirmodisarkar', '#modihtomumkinh']"
['/p/BwCOVH9lE3Q/'],"13,476",722,60k,"['#namoagain', '#congressmuktbharat', '#modihtomumkinh']"
['/p/BwBPQ8qle5k/'],"12,067",462,76k,['#BollywoodBoleVoteSambhalKe']
['/p/Bv_-hfPF7KC/'],"8,973",372,45.4k,"['#4', '#PunKiBaat', '#nationwantsnamo', '#namoagain2019', '#namoagain‚úîÔ∏è', '#modihtohmumkinh', '#congressmuktbharat']"
['/p/Bv_KYfYlYXZ/'],"11,909",318,50k,['#VoteAppeal']
['/p/Bv_JAJZF92M/'],"16,218",526,71.4k,['#VoteAppeal']
['/p/Bv_F5EPFShE/'],"10,968",318,50.6k,"['#VoteAppeal', '#NAMO']"
['/p/Bv9ZOwTFKEH/'],14.5k,206,-1,"['#AbHogaNYAY', '#NYAYforIndia', '#GST']"
['/p/Bv9Y3ESlyrt/'],"10,935",468,52.8k,['#Uncensored']
['/p/Bv9Yo9hl1a1/'],11.3k,113,-1,"['#AbHogaNYAY', '#NYAYforIndia']"
['/p/Bv85asdlr2h/'],10.9k,154,-1,"['#AbHogaNYAY', '#NYAYforIndia']"
['/p/Bv85Ar8lXUP/'],"7,319",240,21.2k,"['#AbHogaNYAY', '#NYAYforIndia']"
['/p/Bv8gp-1F5k_/'],19.9k,542,-1,"['#AbHogaNYAY', '#NYAYforIndia']"
['/p/Bv60d_0lbl8/'],"13,596",403,57.6k,"['#PeoplesAgenda2019', '#SoniaGandhi', '#Congress']"
['/p/Bv6V_Pxl_uf/'],"9,454",87,35.1k,"['#DandiMarch', '#SaltLaw', '#mbdb']"
['/p/Bv5ulvJlEaf/'],"19,584",498,92.9k,['#Rakhi']
['/p/Bv4ZXp-Ffj7/'],"7,221",182,27.4k,"['#Congress', '#NYAY', '#Jaihind', '#inqulabzindabad', '#bharatmatakijai']"
['/p/Bv4UACuFtHv/'],"15,918",244,62.7k,[]
['/p/Bv3u7w-lr7O/'],"13,370",867,71k,"['#YaadRakhna', '#CorruptModi', '#UturnSarkar', '#NoMo', '#congress']"
['/p/Bv1idygl3sZ/'],"19,440",976,85.5k,"['#Truth', '#Congress', '#modi', '#modi', '#modi', '#modi', '#modi', '#modi', '#modi', '#modi', '#modi', '#modi', '#modi', '#modi', '#modi', '#modi', '#modi', '#modi', '#modi', '#modi', '#modi', '#modi', '#modi', '#modi', '#modi', '#modi']"
['/p/Bv0sMD1F4J1/'],"10,168",317,38.4k,['#NYAY']
['/p/Bvy78EIFDs9/'],"10,482",463,43.3k,['#AssamWelcomesRahulGandhi']
['/p/BvyYoO_F1VM/'],"11,753",166,51.9k,"['#Army', '#KnowYourLegacy']"
['/p/BvyKLWUFXy5/'],"18,894",778,90.7k,"['#CongressManifesto2019', '#CongressManifesto2019']"
['/p/Bvw1Ge-jTpA/'],"33,670",445,134k,"['#KnowYourLegacy', '#60yearsofCongress']"
['/p/BvwLTaYFGtH/'],"8,709",105,-1,"['#CongressManifesto2019', '#harharmodi', '#Namoagain', '#Abkibarmodisarkar']"
['/p/BvwLGy8lt5u/'],"8,633",195,-1,"['#HateCrimes', '#CongressManifesto2019']"
['/p/BvwKdailRvR/'],"7,158",36,-1,"['#Paramilitary', '#CongressManifesto2019']"
['/p/BvwKN-YF265/'],"6,374",64,-1,"['#education', '#CongressManifesto2019']"
['/p/BvwJ5snl7BA/'],10.5k,132,-1,"['#GST', '#CongressManifesto2019']"
['/p/BvwJpkSlFk8/'],"6,222",52,-1,['#CongressManifesto2019']
['/p/BvwHnqDl_G1/'],"5,295",15,-1,['#CongressManifesto2019']
['/p/BvwHfEcFe1u/'],"9,666",289,-1,"['#GST', '#CongressManifesto2019']"
['/p/BvwGmJNFS6v/'],"5,855",27,-1,"['#MSME', '#CongressManifesto2019']"
['/p/BvwElFlFZEo/'],"6,790",55,-1,['#CongressManifesto2019']
['/p/BvwEbkvldlM/'],"7,922",63,-1,['#CongressManifesto2019']
['/p/BvwDvkZlUBG/'],"8,319",123,-1,"['#NYAY', '#CongressManifesto2019']"
['/p/Bvv2m-ylr63/'],"12,426",408,46.9k,"['#CongressManifesto2019', '#CongressManifesto2019', '#namoagain', '#mainbechowkidar', '#narendramodi']"
['/p/Bvvoz4MF-LF/'],12.7k,346,-1,['#CongressManifesto2019']
['/p/BvuhH5Ilr_M/'],10.1k,146,-1,[]
['/p/Bvt7gnFF6i9/'],"17,494",709,142k,['#ModiMatBanao']
['/p/BvtHcvFF4lC/'],10.2k,240,-1,"['#AprilFoolsDay', '#ModiMatBanao']"
['/p/Bvs3_-hlOwh/'],"8,915",196,48.7k,['#ModiMatBanao']
['/p/Bvq9BVglw9s/'],"15,629","1,173",135k,[]
['/p/Bvqw7sKFRnW/'],13.5k,123,-1,['#NationalSecurity']
['/p/BvqOW3EFjG4/'],15.4k,"1,773",-1,['#EkHiChowkidarChorHai']
['/p/BvqOMo8lt7I/'],"15,900",540,91.7k,"['#EkHiChowkidarChorHai', '#SundayFunday']"
['/p/BvqOHfjlTeU/'],17.2k,748,-1,['#EkHiChowkidarChorHai']
['/p/Bvo8Jm5FcIZ/'],"8,984",371,39k,['#InConversationWith']
['/p/BvocDRwlJqV/'],"10,057",402,47k,"['#YaadRakhna', '#Demonetisation', '#NoMo', '#Yaadrakhna']"
['/p/Bvn0QgrF0U1/'],11.8k,102,-1,"['#Rajasthan', '#RajasthanDiwas']"
['/p/BvlRUjtF5pB/'],"14,675","1,317",172k,[]
['/p/BvjZWGVFXcL/'],"20,850",920,122k,"['#TBT', '#Unemployment', '#NoMo', '#Modi']"
['/p/BviuKk0FZoU/'],17.8k,846,-1,"['#namoagain', '#ragafail']"
['/p/Bvii1B7lv8g/'],"9,054",334,56.2k,['#PunKiBaat']
['/p/BviQJ84Fnh5/'],"12,579",573,68.4k,"['#namo', '#namoagain2019']"
['/p/Bvgn2a-FJSM/'],19.4k,446,-1,"['#DidYouKnow', '#ISRO', '#KnowYourLegacy', '#60YearsOfCongress']"
['/p/Bvgd6WZlmsz/'],41.7k,599,-1,"['#Congratulations', '#IndianNationalCongress']"
['/p/BvgEq1wl6uM/'],19.5k,498,-1,"['#WednesdayWisdom', '#ChowkidarChor', '#UturnSarkar']"
['/p/BveorvylANX/'],"14,535",470,61.4k,"['#Congress', '#entrepreneurs', '#‡§ï‡§æ‡§Ç‡§ó‡•ç‡§∞‡•á‡§∏_‡§ï‡•Ä_‡§∂‡§ï‡•ç‡§§‡§ø']"
['/p/BveVteOFDul/'],"8,863",125,-1,"['#ContestAlert', '#NYAY', '#NYAYforIndia', '#MinimumIncomeGuarantee', '#MIG', '#LogoDesign']"
['/p/BveD5zCFS5o/'],"9,651",183,41.2k,['#JanSankalpRally']
['/p/BvbqL14lpu9/'],"23,351","2,635",307k,['#RahulForBehtarBharat']
['/p/BvbeSRhFHnN/'],18.7k,710,-1,"['#UPA', '#demonetisation', '#poverty', '#RahulForBehtarBharat', '#NYAY', '#MinimumIncomeGuarantee', '#MIG', '#BreakingNews']"
['/p/Bva_qpRllMZ/'],"18,002",461,69.5k,"['#India', '#MondayMotivation', '#RahulForBehtarBharat', '#WeAreOne', '#Unity']"
['/p/BvYp0xZFXxD/'],"10,018",333,47.1k,"['#YaadRakhna', '#FuelPrices', '#UturnSarkar', '#NoMo']"
['/p/BvWjMA9ljEa/'],"7,735",50,-1,[]
['/p/BvWOXp_FZuh/'],"8,203",327,32.2k,['#JanBhavnaRally']
['/p/BvV3cigFsq7/'],12.4k,550,-1,"['#CartoonOfTheDay', '#ChowkidarChorHai', '#ChorChowkidar', '#SaturdayVibes']"
['/p/BvUDV0YlA7v/'],"14,617",399,78.9k,"['#IndiaPreneurs', '#StartupIndia', '#RahulGandhiWithEntrepreneurs']"
['/p/BvTn7knFhku/'],15.7k,405,-1,"['#ChowkidarNahiRozgaarChahiye', '#ThugsOfHindustan', '#ChowkidarChorHai']"
['/p/BvThii1FXva/'],"16,792","1,460",223k,['#ChowkidarNahiRozgaarChahiye']
['/p/BvTQXoulcF3/'],21.7k,666,-1,"['#chowkidars', '#ChowkidarChorHai', '#ChowkidarNahiRozgaarChahiye']"
['/p/BvQsITfl4iJ/'],"6,872",62,-1,"['#Holi', '#FestivalOfColours', '#HoliFestival', '#India', '#ArtistsOnInstagram', '#InstaStory']"
['/p/BvQg6h8lMxe/'],"11,345",60,38.2k,"['#RangAnekHumEk', '#HappyHoli', '#namoagain', '#indion', '#army']"
['/p/BvOtY1SF2gD/'],"7,344",133,-1,"['#education', '#RahulDemocracyDialogue', '#QuotesOfRahulGandhi']"
['/p/BvOs7GGlsYP/'],"9,734",192,51.5k,"['#RahulDemocracyDialogue', '#FitnessMotivation']"
['/p/BvOqq3ilR0e/'],"6,849",103,-1,"['#NorthEast', '#RahulDemocracyDialogue', '#QuotesOfRahulGandhi']"
['/p/BvOpZhdFmAO/'],"6,055",58,18k,"['#RahulDemocracyDialogue', '#SpreadLove']"
['/p/BvOow4jF3jF/'],"8,871",156,-1,"['#youth', '#RahulDemocracyDialogue', '#QuotesOfRahulGandhi']"
['/p/BvOcW-OljQd/'],"16,289",463,76.7k,"['#Manipur', '#RahulDemocracyDialogue']"
['/p/BvMwCNUlB4y/'],22.8k,169,-1,['#India']
['/p/BvMsiIWFZjG/'],"8,462",131,52.3k,[]
['/p/BvMRtRmlfW2/'],"31,087","2,065",661k,[]
['/p/BvL_HfvlYne/'],14.8k,116,-1,"['#DidYouKnow', '#TuesdayTrivia', '#BhakraDam', '#KnowYourLegacy', '#60YearsOfCongress']"
['/p/BvLaquilOXq/'],"7,195",183,35.5k,"['#AngelTax', '#startups', '#RahulTakingIndiaForward']"
['/p/BvJ0SsllXtP/'],"11,800",560,53.3k,[]
['/p/BvJXFB8FwgP/'],"11,145",203,49.3k,"['#JawaharlalNehru', '#peace', '#WorldPeace', '#BritishPathe', '#Hollywood', '#MotionPictures', '#Exclusive', '#MondayMotivation', '#sirry']"
['/p/BvI4chVF5bL/'],"8,842",107,-1,"['#MondayMotivation', '#JawaharlalNehru', '#QuotesOfTheDay', '#Congress', '#WeAreOne']"
['/p/BvHq3zllDml/'],"32,964","1,060",166k,"['#facts', '#ChowkidarChorHai', '#NoMo', '#SundayVibes']"
['/p/BvHB9VxFIXH/'],"5,073",163,27.5k,"['#HateCrimes', '#silent', '#RealReport', '#StopHateCrimes', '#NoMo']"
['/p/BvEP1ShFeD0/'],17k,639,-1,"['#ChowkidarChorHai', '#SuitBootKaChowkidar', '#Memes']"
['/p/BvDvpCElwN_/'],"11,321",553,78.9k,['#PunKiBaat']
['/p/BvCUkhGlX9y/'],26.1k,545,-1,['#WorldSleepDay']
['/p/BvCMaVtFKIG/'],"6,339",345,27.6k,"['#HealthcareForAll', '#CongressManifesto', '#margayethe']"
['/p/BvCDE1tl1OG/'],"9,494",233,-1,['#PunIntended']
['/p/BvBhwhAlAW9/'],13.4k,304,-1,"['#SpotTheDifference', '#ChowkidarChorHai', '#FridayMotivation']"
['/p/Bu_uKZjlM7I/'],"21,345","1,340",147k,"['#MustWatch', '#Hug', '#HugplomacyYaadRakhna', '#HugHighlights', '#TBT']"
['/p/Bu_tVGMFgaz/'],"8,828",350,65.4k,"['#Hugplomacy', '#HugplomacyYaadRakhna']"
['/p/Bu_EcqUlfaY/'],"9,547",665,-1,"['#ContestAlert', '#GiveAway', '#INC', '#Congress', '#PrizeMoney', '#ThrowbackThursday']"
['/p/Bu-wShsFTM4/'],"29,222",928,164k,"['#Trending', '#VanakkamRahulGandhi', '#Changemakers', '#CallMeRahul']"
['/p/Bu-mwH2lboz/'],"15,339",590,107k,['#VanakkamRahulGandhi']
['/p/Bu-OmFjF9Dd/'],22.3k,158,-1,"['#women', '#Congress', '#VanakkamRahulGandhi']"
['/p/Bu-NjwzF-Mr/'],"8,625",204,34k,"['#education', '#VanakkamRahulGandhi']"
['/p/Bu833_bFSQH/'],27.3k,256,-1,"['#VanakkamRahulGandhi', '#BelieveInYourself']"
['/p/Bu8jxA3lX9C/'],"18,575",485,95.9k,"['#VanakkamRahulGandhi', '#Changemakers', '#LoveNotHate']"
['/p/Bu8hcwgFopI/'],"8,630",83,34.3k,"['#Modi', '#Students', '#VanakkamRahulGandhi']"
['/p/Bu8gtFOlwJJ/'],"11,301",196,44.9k,"['#women', '#VanakkamRahulGandhi', '#ThisBillWillPass', '#Congress', '#Changemakers', '#gobackrahul']"
['/p/Bu8di8tFXwv/'],"14,116",194,54.7k,"['#humility', '#mother', '#respect', '#VanakkamRahulGandhi', '#Changemakers']"
['/p/Bu8auRyFWGR/'],"12,369",247,45.7k,"['#students', '#VanakkamRahulGandhi']"
['/p/Bu8FS7AF1pK/'],"9,861",90,42.8k,['#VanakkamRahulGandhi']
['/p/Bu6WGO_ljFQ/'],"17,110",594,69.8k,"['#GandhiMarchesOn', '#PriyankaGandhiVadra', '#Vote', '#Democracy']"
['/p/Bu6UbnqlI_R/'],26.6k,215,-1,['#GandhiMarchesOn']
['/p/Bu6SFtYlyJb/'],"10,632",406,50.1k,"['#GandhiMarchesOn', '#NoMo', '#CorruptModi', '#ChowkidarChorHai']"
['/p/Bu5ihipl3bc/'],12.3k,96,-1,"['#Nonviolence', '#MahatmaGandhi', '#DandiMarchDay']"
['/p/Bu5iDARl_jh/'],"5,376",30,-1,"['#MahatmaGandhi', '#DandiMarch', '#DandiMarchDay', '#Satyagraha', '#CivilDisobedience', '#NonViolence']"
['/p/Bu5hIrClW7A/'],10.7k,36,-1,"['#truth', '#nonviolence', '#MahatmaGandhi', '#DandiMarchDay']"
['/p/Bu1T7wvlwPk/'],"9,173",438,-1,['#RegisterToVote']
['/p/Bu1TkwdlI-p/'],"4,125",131,20.9k,"['#ElectionCommission', '#LokSabha', '#RegisterToVote']"
['/p/Bu1Tg-1Fwrq/'],"4,449",81,-1,"['#RegisterToVote', '#register']"
['/p/Bu0pDzdlngf/'],"8,266",378,34.9k,"['#NoMo', '#CorruptModi']"
['/p/Bu0N57Pl9GN/'],"11,148","1,464",192k,['#SundayStory']
['/p/Bu0MerrlXYU/'],"14,860",476,78.1k,"['#BJP', '#Pakistan', '#NoMo', '#CorruptModi']"
['/p/BuytaVhFcRX/'],"8,355",476,78.1k,[]
['/p/BuySWa8lL3J/'],13.6k,466,-1,"['#NoMo', '#CorruptModi', '#AmbaniKaChowkidar', '#AA']"
['/p/BuxNCL5lUcz/'],"11,123",292,73.5k,[]
['/p/Buv2ufRl8_c/'],"3,772",18,-1,"['#GenderGap', '#ThisBillWillPass', '#WomensReservationBill', '#InternationalWomensDay']"
['/p/Buv2O_dFZca/'],"5,520",56,19.9k,"['#ThisBillWillPass', '#WomensReservationBill', '#InternationalWomensDay', '#WomenCan', '#Reservation', '#Reservation', '#Kaam']"
['/p/Buv1Q9WlY_3/'],"3,690",17,-1,"['#ThisBillWillPass', '#WomensReservationBill', '#InternationalWomensDay']"
['/p/BuvJEQlFhhh/'],"3,404",22,13.8k,"['#ThisBillWillPass', '#WomensReservationBill', '#InternationalWomensDay']"
['/p/BuvI43Vlffn/'],"6,230",142,-1,"['#women', '#ThisBillWillPass', '#WomensReservationBill', '#InternationalWomensDay']"
['/p/BuvIMf3lgc_/'],"3,358",24,15.1k,"['#ThisBillWillPass', '#WomensReservationBill', '#InternationalWomensDay']"
['/p/Buu_c7dl4jF/'],"3,903",23,-1,"['#ThisBillWillPass', '#WomensReservationBill', '#InternationalWomensDay']"
['/p/Buu-UJbFNX-/'],"6,546",39,27.3k,"['#empowerment', '#equality', '#ThisBillWillPass']"
['/p/Buu-B6clRfq/'],"4,472",51,-1,"['#WomensReservationBill', '#ThisBillWillPass', '#InternationalWomemsDay']"
['/p/Buu5OHFlb-o/'],"4,085",40,17.4k,"['#LokSabha', '#ThisBillWillPass', '#WomensReservationBill', '#InternationalWomensDay']"
['/p/Buu5ELMlXnH/'],"5,823",68,-1,"['#ThisBillWillPass', '#WomensReservationBill', '#InternationalWomensDay']"
['/p/Buu4BwqFx3H/'],"3,880",30,13.1k,"['#women', '#politics', '#ThisBillWillPass', '#WomensReservationBill', '#InternationalWomensDay', '#Reservation']"
['/p/ButZczFlPvG/'],"15,773",587,125k,"['#GayabHoGaya', '#FileChorChowkidar', '#ChowkidarChorHai', '#NoMo', '#Rafale']"
['/p/BuswSD9lWQJ/'],13.1k,386,-1,"['#WaahModijiWaah', '#NoMo', '#ThursdayThoughts']"
['/p/Buq803FlEAa/'],"24,794","1,657",164k,"['#Congress', '#BJP', '#MeraBootSabseMazboot', '#BhartiyaJootaParty', '#WednesdayVibes']"
['/p/BuqDk67lQrM/'],"9,500",350,61.1k,"['#FakeNews', '#PunKiBaat']"
['/p/BulrrNNlt2O/'],"6,078","1,031",-1,"['#ContestAlert', '#GiveAway', '#INC', '#Congress', '#PrizeMoney', '#WomensDay', '#ThisBillShallPass', '#WomenInPolitics', '#WomenEmpowerment']"
['/p/BulOVkIFDcz/'],10.3k,110,-1,"['#Throwback', '#üì∏', '#Tb', '#KailashMansarovar', '#KailashYatra', '#MahaShivratri', '#namoagain‚úîÔ∏è']"
['/p/BulKSF8lVjY/'],20.2k,369,-1,"['#MahaShivratri', '#HarHarMahadev', '#OmNamahShivaya']"
['/p/BuixUD3lA6-/'],"7,221",64,26.3k,['#InConversationWith']
['/p/Bug4cpxl8Aq/'],"10,147",400,43.8k,['#ParivartanUlgulanRally']
['/p/BueRsDaFfvW/'],22.9k,350,-1,"['#Abhinandan', '#pkmkb']"
['/p/BudS67cFJ68/'],"14,804",889,122k,['#YoungIndiaRising']
['/p/BublBtslU-d/'],23.7k,324,-1,['#Abhinandan']
['/p/Buae2wtjgc0/'],"15,446",668,152k,[]
['/p/BuYlSHUlv4H/'],18.7k,213,-1,['#IAF']
['/p/BuYfXUDFH3Q/'],"9,302",118,-1,[]
['/p/BuX96KFAiJT/'],"9,392",308,45.5k,['#ApniBaatRahulKeSaath']
['/p/BuWZF7QFHdG/'],"11,335",350,61k,"['#Congress', '#SpecialStatus', '#NorthEastWelcomesRahulGandhi']"
['/p/BuTKsIml_6H/'],"22,991","1,360",253k,"['#NamumkimAbMumkinHai', '#NoMo', '#CorruptModi', '#ModiLies']"
['/p/BuQTAATlCjs/'],"8,720",213,40.5k,"['#YoungIndiaRising', '#Paramilitary']"
['/p/BuOs8CuFPvO/'],"8,802",272,42.9k,['#YoungIndiaRising']
['/p/BuOspE8FSPo/'],"18,756",511,127k,"['#students', '#YoungIndiaRising']"
['/p/BuOqepTFd57/'],22.3k,111,-1,"['#youth', '#YoungIndiaRising', '#Congress', '#INCIndia', '#Pichhahtiss_lakh']"
['/p/BuOeLR7Fl4r/'],30.5k,"1,546",-1,"['#SurgicalStrike', '#PhotoshootSarkar', '#ChooseWisely', '#RealVsReel', '#NoMo']"
['/p/BuMEh8gl7Kl/'],"12,757",569,72.7k,"['#PratyekaHodaBharosaYatra', '#PhotoshootSarkar', '#NoMo']"
['/p/BuLSsnblSbc/'],27.8k,"1,291",-1,['#PulwamaAttack']
['/p/BuJaM5pFEVg/'],"6,010","1,020",-1,"['#ContestAlert', '#UnJumble', '#HINT', '#GiveAway', '#INC', '#Congress', '#PrizeMoney']"
['/p/BuJKqfvF1OW/'],"4,143",29,16.1k,"['#InternationalMotherLanguageDay', '#MotherLanguageDay', '#MotherLanguage', '#Language', '#Diversity', '#India']"
['/p/BuIoMXRFVxv/'],"20,709","1,163",372k,['#PulwamaAttack']
['/p/BuH-tnPFl2x/'],"4,333",43,-1,"['#SaudiArabia', '#PulwamaAttack', '#rafalescam']"
['/p/BuHBopjlnES/'],20.6k,282,-1,"['#Pulwama', '#PulwamaAttack', '#CRPFJawans']"
['/p/Bt6QHouleGN/'],36.8k,489,-1,"['#Pulwama', '#CRPFJawans', '#wesupportnamo']"
['/p/Bt5BiIBFUih/'],11.8k,118,-1,[]
['/p/Bt2b0LnlC5s/'],"9,733",192,-1,"['#Fast', '#LoveNotHate', '#HappyValentinesDay', '#CardsForBJP']"
['/p/Bt2btCCl1Qv/'],17.2k,695,-1,"['#Chowkidar', '#LoveNotHate', '#HappyValentinesDay', '#CardsForBJP']"
['/p/Bt2beIylx2Z/'],"9,089",122,-1,"['#Silencer', '#LoveNotHate', '#HappyValentinesDay', '#CardsForBJP']"
['/p/Bt2bUP_l6Qz/'],12.7k,264,-1,"['#Namesake', '#LoveNotHate', '#HappyValentinesDay', '#CardsForBJP', '#TereNaam']"
['/p/Bt2bFrRlGG8/'],"9,797",118,-1,"['#Player', '#LoveNotHate', '#HappyValentinesDay', '#CardsForBJP', '#fuckingdick']"
['/p/Bt2a-AMlx9v/'],"8,252",141,-1,"['#Tulsi', '#LoveNotHate', '#HappyValentinesDay', '#CardsForBJP']"
['/p/Bt0m_2yFexE/'],11.6k,304,-1,"['#ChowkidarChorHai', '#NoMo', '#tag', '#mabhichowkidarhu']"
['/p/BtyEGP8lTlD/'],"25,967",763,156k,"['#BJP', '#Hug', '#HugDay', '#hago']"
['/p/BtxtAERlEDb/'],16.1k,309,-1,"['#BreakingNews', '#Modi', '#RafaleDeal', '#AnilAmbani', '#corruption', '#CorruptModi', '#ChowkidarChorHai', '#NoMo']"
['/p/Btvq0YRFQlL/'],29.3k,347,-1,"['#love', '#StrongerTogether', '#LoveOverHate', '#India', '#Lucknow', '#UP', '#Congress', '#INC', '#NoMo', '#jhuta_dikhawaüòÇüòÇüòÇüòÇ']"
['/p/BtvoHwTlNl2/'],"13,725",682,59.1k,[]
['/p/Btutui1lHGU/'],18.2k,542,-1,"['#AltNews', '#NoMo']"
['/p/Bttb-SkFS0c/'],"6,214",385,66.5k,[]
['/p/BtqWlDSlrNQ/'],10.2k,407,-1,"['#Azadi', '#WordOfTheWeek', '#NaMo']"
['/p/BtpkquXlEcT/'],"4,766",39,21.4k,"['#ManishTewari', '#InConversationWith', '#IGTV', '#Congress', '#Leaders', '#ChocolateDay']"
['/p/BtoT5MoFAL3/'],"19,040","3,902",568k,['#harharmodighargharmodi‚úåÔ∏è']
['/p/BtnvyqxlFJY/'],20.8k,925,-1,"['#ChowkidarChorHai', '#ChorPakdaGaya', '#FridayFeels', '#wesupportnamo']"
['/p/Btni8ZTlXvZ/'],17.9k,431,-1,"['#PMModi', '#Parliament', '#RafaleDeal', '#ChowkidarChorHai', '#PakdaGayaModi', '#BreakingNews', '#Congress']"
['/p/Btk1uaLl2Wj/'],24.3k,449,-1,"['#DidYouKnow', '#rose', '#ThrowbackThursday', '#RoseDay', '#JawaharlalNehru']"
['/p/BtihSsLlwh5/'],"9,986","1,174",-1,"['#ContestAlert', '#Modi', '#HINT', '#GiveAway', '#CorruptModi', '#INC', '#Congress', '#PrizeMoney', '#Wednesday', '#CorruptModi']"
['/p/Bth5Aq2FcXm/'],"8,135",405,60.3k,"['#ModiSeNaHoPayega', '#NoMo', '#NoJobs', '#HowsTheJobs']"
['/p/BtfpGO7F94p/'],"14,171",648,82.2k,"['#IGTV', '#people', '#power', '#students', '#India', '#ApniBaatRahulKeSaath']"
['/p/BtdWoD-lBVg/'],"12,402",452,60k,"['#JanAkankshaRally', '#Congress', '#NoMo']"
['/p/Btc4WKGFRmI/'],"6,500",463,48.3k,"['#MondayMotivation', '#Weather', '#ClimateChange', '#NoMo']"
['/p/BtasobkF8FC/'],20.7k,313,-1,"['#JanAkankshaRally', '#BetterTogether', '#Mahagathbandhan', '#Congress']"
['/p/BtaQmoQlo3U/'],19.7k,168,-1,"['#Congress', '#Patna', '#India', '#Leadership', '#BetterTogether']"
['/p/BtYFHbvliq3/'],15.8k,526,-1,"['#MinimumIncomeGuarantee', '#employment', '#Security', '#congress', '#Policies', '#Politics', '#Budget2019', '#NoMo']"
['/p/BtYAFEIlNE9/'],12.3k,326,-1,"['#Budget2019', '#AakhriJumlaBudget', '#Saturday']"
['/p/BtVqF6wlO7R/'],18.2k,780,-1,['#HowsTheJobs']
['/p/BtTw2gblGMg/'],"5,671",87,25.9k,"['#InConversationWith', '#IGTV', '#Congress', '#Finance', '#Budget', '#MinimumIncomeGuarantee', '#BJP', '#Leaders', '#Chidambaram']"
['/p/BtTGMxKFBuT/'],"11,276",569,86.3k,"['#NoMo', '#HowsTheJobs']"
['/p/BtS3J50llLl/'],13.1k,454,-1,"['#Unemployment', '#HowsTheJobs']"
['/p/BtRDzWglwnr/'],"10,870",318,61.2k,"['#Modiji', '#NoMo']"
['/p/BtRA-zcFe6Z/'],13.7k,154,-1,[]
['/p/BtP26BslHKq/'],"9,101",105,32.8k,"['#Ahmisa', '#SatyamevJayate', '#MartyrsDay', '#gandhi', '#NonViolence', '#Truth', '#Sacrifice', '#JaiHind', '#India', '#FatherOfTheNation']"
['/p/BtOWFTHFHQK/'],24.7k,150,-1,"['#Kerala', '#SwagathamRahulGandhi']"
['/p/BtOQ0fSFrUa/'],"8,092",75,35.4k,"['#GST', '#SwagathamRahulGandhi', '#Kerala', '#Congress', '#NoMo', '#GabbarSinghTax']"
['/p/BtNdkdlF8Pf/'],21.8k,604,-1,['#NoMo']
['/p/BtLmdbKFtGz/'],"14,114",638,56.5k,"['#Congress', '#CongressForMinimumIncomeGuarantee']"
['/p/BtFcn8kFIhJ/'],"5,520",26,-1,"['#Justice', '#Preamble', '#ConstituitonOfIndia', '#RepublicDay', '#OneNationBillionIdeas', '#India', '#RepublicDay2019', '#India', '#HappyRepublicDay', '#india', '#PAKISTAN']"
['/p/BtFcZF4lSLB/'],10.8k,32,-1,"['#OneNationBillionIdeas', '#RepublicDay2019', '#India', '#HappyRepublicDay']"
['/p/BtFbxuLFqHO/'],"5,238",11,-1,"['#Liberty', '#Preamble', '#ConstituitonOfIndia', '#RepublicDay', '#OneNationBillionIdeas', '#India', '#HappyRepublicDay']"
['/p/BtFbTB6lg53/'],"8,847",29,-1,"['#OneNationBillionIdeas', '#RepublicDay2019', '#India', '#HappyRepublicDay']"
['/p/BtFa4d9FBUe/'],"6,640",66,18.6k,"['#RepublicDay', '#OneNationBillionIdeas']"
['/p/BtFa1UslF0f/'],11.6k,34,-1,"['#OneNationBillionIdeas', '#RepublicDay2019', '#India', '#HappyRepublicDay']"
['/p/BtFaWnfFAJL/'],"5,590",18,-1,"['#Equality', '#Preamble', '#ConstituitonOfIndia', '#RepublicDay', '#OneNationBillionIdeas', '#India', '#HappyRepublicDay']"
['/p/BtFaFTPFFrr/'],17.2k,173,-1,"['#OneNationBillionIdeas', '#RepublicDay2019', '#India', '#HappyRepublicDay']"
['/p/BtFZmFhl81s/'],"5,357",7,-1,"['#Fraternity', '#Unity', '#Preamble', '#ConstituitonOfIndia', '#RepublicDay', '#OneNationBillionIdeas', '#India', '#HappyRepublicDay']"
['/p/BtEKBMZlsGl/'],"13,714",150,60.2k,"['#Exclusive', '#elections', '#NationalVotersDay', '#INC', '#Congress', '#Vote']"
['/p/BtDN3P9Fx8t/'],"7,634",496,-1,"['#ContestAlert', '#history', '#RepublicDay', '#win', '#Contest', '#GiveAway', '#FridayFeeling', '#India', '#INC', '#Congress', '#RepublicDayIndia', '#ContestAlert']"
['/p/BtBsGduFqs1/'],"8,786",156,31.8k,"['#AmethiKiPragati', '#RahulGandhi', '#2019Elections', '#Congress', '#INC']"
['/p/BtAtyNCFUy_/'],30.5k,240,-1,"['#ThrowbackThursday', '#TBT', '#LikeGrandmotherLikeGranddaughter', '#Family', '#Love', '#womenempowerment']"
['/p/Bs-rzt7FIxA/'],"11,217",180,45.2k,"['#Congress', '#2019', '#UttarPradesh', '#RahulGandhi', '#PriyankaGandhi', '#IndianPolitics', '#Development', '#Amethi', '#Wednesday', '#politics', '#India']"
['/p/Bs-IxK3FTIx/'],47.5k,831,-1,"['#AICC', '#UP', '#PriyankaGandhi', '#PGV', '#Politics', '#IndianPolitics', '#Congress', '#Democracy', '#WomenLeaders']"
['/p/Bs0tBlSlIfY/'],"6,307",103,37.5k,"['#InConversationWith', '#ApsaraReddy', '#India', '#IGTV', '#transgender', '#lgbtqüåà']"
['/p/BsyL1CoF6Pf/'],15.2k,526,-1,"['#5YearChallenge', '#Jumla', '#BJP', '#ChowkidarChorHai', '#RafaleScam', '#Corruption', '#Modi', '#NoMo']"
['/p/BsxsixAFBWx/'],"6,275",64,25.5k,"['#Watch', '#InConversationWith', '#IGTV', '#Congress', '#FirstTimeVoters', '#BJP', '#Leaders']"
['/p/Bsvg9LglrqH/'],"10,559",289,58.8k,"['#demo', '#theshining', '#NoMo', '#TBT']"
['/p/BsuqV9zlWtU/'],"8,787",76,-1,"['#Watch', '#India', '#IdeaOfIndia', '#TBT']"
['/p/BssB1Aqlosq/'],24.7k,235,-1,"['#10YearChallenge', '#10yearschallenge']"
['/p/BsmrCAIFnWd/'],"17,410",538,82.4k,"['#Contribute', '#democracy', '#Congress']"
['/p/BsiYEw1lgc3/'],22.7k,183,-1,"['#UAE', '#RahulGandhiInDubai', '#RahulGandhiInUAE', '#India', '#Dubai', '#InternationalRelations', '#Development', '#Youth', '#Future']"
['/p/BsiWty3FEu4/'],23.1k,92,-1,"['#RahulGandhiInDubai', '#RahulGandhiInUAE', '#Dubai', '#Day2', '#Congress', '#India', '#Love', '#RahulGandhi']"
['/p/BsiQb25FY3U/'],"9,681",154,33.8k,"['#UAE', '#RahulGandhiInUAE', '#RahulGandhiInDubai', '#Dubai', '#Day2', '#Congress', '#Education', '#IMT', '#India']"
['/p/BsgUwHqF-K7/'],31.3k,444,-1,"['#Congress', '#Day1', '#UAE', '#RahulGandhiInUAE', '#RahulGandhiInDubai', '#INCOverseas', '#India', '#Dubai', '#PM', '#Unity', '#Employment', '#Love']"
['/p/BsdMUpyloTG/'],"21,821",370,107k,"['#Watch', '#WorldHindiDiwas', '#ThursdayMotivation', '#RajyaSabha', '#Parliament', '#ConstitutionOfIndia', '#Poetry', '#India']"
['/p/BsaODUBlc4Y/'],16.3k,161,-1,"['#NRIDay', '#Singapore', '#PravasiBhartiyaDivas', '#Congress', '#Bharat', '#TogetherWeDeliver']"
['/p/BsPi2DlFF0r/'],24.5k,897,-1,"['#2SawalDoJawab', '#RafaleGrandExpose', '#RafaleExam', '#namoagain']"
['/p/BsLCVdRFD2r/'],12.7k,74,-1,"['#science', '#hunger', '#poverty', '#JawaharlalNehru', '#ISC', '#Congress', '#SarojiniNaidu', '#India', '#TBT', '#ThrowbackThursday']"
['/p/BsH3ijtloCZ/'],16.7k,654,-1,"['#leaked', '#BJP', '#RafaleScam', '#RafaleAudioLeak', '#Congress', '#INC', '#DemandRafaleProbe']"
['/p/Br71IZRFZ-M/'],19.4k,285,-1,"['#CongressFoundationDay', '#India', '#congress', '#INC', '#Gandhi', '#democracy', '#love', '#unity', '#justice', '#truth']"
['/p/Br5Ji5KlxJi/'],21.1k,96,-1,"['#TBT', '#IndianEconomy', '#ThrowbackThursday', '#BnWphotography', '#BlackandWhite', '#History', '#India', '#democracy', '#ManmohanSingh', '#INC', '#Congress']"
['/p/Brzgu4glvFQ/'],28.1k,95,-1,"['#AtalBihariVajpayee', '#PM', '#Vajpayee', '#SoniaGandhi', '#democracy', '#India', '#INC', '#Congress', '#Throwback', '#tbt']"
['/p/BruCpj1FdAK/'],"7,302",121,22.7k,"['#ThankYouFarmers', '#Kisan', '#KisanDiwas', '#Farmers', '#FarmLoanWaiver', '#Food', '#ThankYou', '#CongressForFarmers']"
['/p/BrmutwOF63Y/'],46.4k,779,-1,"['#SoniaGandhi', '#RajivGandhi', '#TBT', '#ThrowbackThursday']"
['/p/BrkTbh-lxEf/'],17.3k,73,-1,"['#ManmohanSingh', '#PrimeMinister', '#Press', '#PM', '#Congress', '#MMS', '#ChangingIndia', '#BookLaunch']"
['/p/BrkC9zEF_kz/'],"5,181",25,22.5k,"['#InConversationWith', '#Elections2019', '#Kaziranga', '#Gogoi', '#Assam', '#YoungGunsofPolitics', '#Unscripted', '#Congress', '#BJP', '#Modi', '#NRC', '#InConversationWith']"
['/p/Brhg3Ezlrpb/'],32.8k,868,-1,"['#CongressNeVachanNibhaya', '#Kisan', '#PromiseDelivered', '#MadhyaPradesh', '#RahulGandhi', '#KamalNath', '#FarmLoanWaiver', '#Modi', '#ModiDisaster', '#crony']"
['/p/BrflEh3FB5G/'],"21,919",658,85.2k,"['#CongressNeVachanNibhaya', '#MadhyaPradesh', '#FarmLoanWaiver', '#Kisan', '#Congress', '#PromiseDelivered', '#WeAreCongress', '#WeAreOne']"
['/p/BrcYfM7F4FD/'],21.5k,222,-1,"['#Chhattisgarh', '#TimeForChange', '#Congress', '#BhupeshBaghel', '#RahulGandhi']"
['/p/BrZ6FhWlMjg/'],"21,822",521,75.3k,"['#RahulGandhi', '#Congress', '#CongressWinsBIG', '#Rajasthan', '#MadhyaPradesh', '#Chhattisgarh', '#Victory', '#TimeForChange', '#Unity', '#StrongerTogether', '#SecularIndia', '#WithCongress']"
['/p/BrXa0GHFPXI/'],32.3k,353,-1,"['#Rajasthan', '#ChiefMinister', '#DeputyChiefMinister', '#AshokGehlot', '#SachinPilot', '#Unity', '#Team', '#StrongerTogether']"
['/p/BrXXa3tl2Bv/'],32k,563,-1,"['#NewChiefMinister', '#Rajasthan', '#AshokGehlot', '#Victory', '#ChiefMinister', '#namoagain']"
['/p/BrVjX9HFyA6/'],34.2k,567,-1,"['#KamalNath', '#MadhyaPradesh', '#ChangeIsNow', '#transformation', '#Congress', '#CongressWinsBIG', '#ChiefMinister']"
['/p/BrUXSEhlWi3/'],33.5k,798,-1,"['#AssemblyElections2018', '#ElectionResults', '#Rajasthan', '#MadhyaPradesh', '#Chhattisgarh', '#Victory', '#CongressWinsBIG', '#ICYMI', '#RahulGandhi']"
['/p/BrSBFmalSzm/'],"25,975","1,028",138k,"['#RafaleScam', '#SignToProbeRafaleScam', '#ShowYourSupport', '#SignThePetition', '#SwipetoSign']"
['/p/BrRr-b-FXlY/'],29.8k,534,-1,"['#CongressWinsBIG', '#Rajasthan', '#MadhyaPradesh', '#Chhattisgarh', '#RahulGandhi', '#Congress']"
['/p/BrQcDOLlxjI/'],"11,911",217,56.9k,"['#CongressWinsBIG', '#Elections2018', '#Chhattisgarh', '#Victory', '#Namoagain']"
['/p/BrQDi4VFI2-/'],40.9k,"1,339",-1,"['#CongressWinsBIG', '#Elections', '#Polls2018', '#Victory', '#Congress', '#RahulGandhi', '#Rajasthan', '#MadhyaPradesh', '#Chhattisgarh']"
['/p/BrP8K2gFTwJ/'],"6,201",90,26.5k,"['#CongressWinsBIG', '#RajasthanPolls', '#CongressWinsRajasthan', '#Victory', '#Elections', '#RahulGandhi', '#Congress']"
['/p/BrNNIHUl2Av/'],21k,160,-1,"['#PictureOfTheDay', '#MondayMotivation', '#Throwback', '#IndiraGandhi', '#RahulGandhi', '#Congress', '#ThisIsUs', '#ThisIsLove']"
['/p/BrJ4qu0lEb_/'],"20,095",479,90.3k,"['#HappyBirthdaySoniaGandhi', '#SoniaGandhi', '#Birthday', '#Congress', '#WomenEmpowerment', '#Power', '#leadership', '#Unity']"
['/p/BrH7uOOl8g_/'],"10,449",660,71k,"['#Modi', '#ModiFunny', '#Nehru', '#Gandhi', '#BJP', '#NarendraModi', '#NarendraModiMemes']"
['/p/BrHccEclbUB/'],"7,463",115,35.9k,"['#InConversationWith', '#IGTV']"
['/p/BrEmXvalqm3/'],"6,772",63,24.6k,"['#TelanganaWithRahulGandhi', '#Vote', '#VoteForCongress', '#VoteForTelangana']"
['/p/BrElWMiF7FD/'],"9,908",196,45k,"['#vote', '#VoteForCongress', '#VoteForRajasthan', '#RajasthanPolls']"
['/p/Bq_h5rCFntU/'],21.4k,456,-1,"['#Telangana', '#VoteAppeal', '#VoteForCongress', '#SoniaGandhi', '#RahulGandhi', '#PeopleOfCongress', '#Congress', '#BJP']"
['/p/Bq9lZ46lbOp/'],"20,841","1,032",93.1k,"['#‡§ï‡§æ‡§Ç‡§ó‡•ç‡§∞‡•á‡§∏_‡§¨‡§¶‡§≤‡•á‡§ó‡•Ä_‡§∞‡§æ‡§ú‡§∏‡•ç‡§•‡§æ‡§®', '#Rajasthan', '#Congress', '#RahulGandhi', '#Elections', '#SachinPilot', '#AshokGehlot', '#change']"
['/p/Bq8-AnYlIIe/'],"8,164",98,33.9k,"['#‡§ï‡§æ‡§Ç‡§ó‡•ç‡§∞‡•á‡§∏_‡§¨‡§¶‡§≤‡•á‡§ó‡•Ä_‡§∞‡§æ‡§ú‡§∏‡•ç‡§•‡§æ‡§®', '#Rajasthan', '#Congress', '#BJP', '#Elections', '#RahulGandhi', '#SachinPilot', '#AshokGehlot', '#DainikBhaskar', '#RajasthanPatrika', '#Kisan']"
['/p/Bq7Qg0mlDr5/'],17.6k,105,-1,"['#CongressVasthundi', '#RahulGandhi', '#chandrababunaidu', '#Congress', '#TDP', '#Unity', '#StrongerTogether', '#TelanganaWithRahulGandhi']"
['/p/Bq6nhZUlZ1l/'],"4,816",35,13.9k,"['#‡§ï‡§æ‡§Ç‡§ó‡•ç‡§∞‡•á‡§∏_‡§¨‡§¶‡§≤‡•á‡§ó‡•Ä_‡§∞‡§æ‡§ú‡§∏‡•ç‡§•‡§æ‡§®', '#Rajasthan', '#Congress', '#BJP', '#SachinPilot', '#AshokGehlot', '#RahulGandhi', '#WomenEmpowerment', '#Mahilla', '#rajasthanpatrika']"
['/p/BqzjAK3FvkT/'],"4,810",31,22.8k,"['#InConversationWith', '#rapidfire', '#Modi', '#shashitharoor', '#aipc', '#trivandrum', '#Unscripted', '#Congress', '#BJP', '#Modi', '#Nehru']"
['/p/BqwLXnLFg9_/'],15k,149,-1,"['#QOTD', '#throwbackthursday', '#Congress', '#RahulGandhi', '#leadership', '#LoveOverHate', '#PoliticiansofIndia']"
['/p/Bqu0CwRF4of/'],19.5k,217,-1,"['#TelanganaWithRahulGandhi', '#RahulGandhi', '#chandrababunaidu', '#Unity', '#StrongerTogether', '#TDP', '#Elections']"
['/p/Bqrlovdl12i/'],"13,592",508,68.1k,"['#MadhyaPradesh', '#Elections', '#WaqtHaiBadlavKa', '#Congress', '#RahulGandhi', '#Scindia', '#KamalNath', '#MPPukareRahulGandhi', '#MPPukareCongress', '#Politics', '#India', '#BJP', '#modi']"
['/p/BqoqcG_lYuc/'],"8,320",55,26.4k,"['#IGTV', '#MyPrideMyConstitution', '#Constitution', '#ConstitutionDay', '#Nationalism', '#IndianFlag', '#Tricolor', '#Gandhi', '#Nehru', '#Ambedkar', '#Preamble', '#Unity', '#Reclaim', '#Remember']"
['/p/Bqm_nDcFEsA/'],"11,822",426,63.1k,[]
['/p/BqjamjNFOBf/'],"4,323",19,17.5k,"['#InConversationWith', '#IGTV', '#Congress', '#JairamRamesh', '#Politics', '#AndhraPradesh', '#India', '#RajyaSabha', '#MP', '#IndiraGandhi', '#Employment', '#RightToVote', '#Vote', '#UnionMinister']"
['/p/BqZtlHMFvzi/'],13.5k,82,-1,"['#Congress', '#PrimeMinister', '#President', '#Peace', '#IndiraGandhi', '#SoniaGandhi', '#ManmohanSingh', '#Prize']"
['/p/BqXC54mFMMl/'],"7,535",81,-1,"['#IndiasIndira', '#IndiraGandhi', '#Congress', '#WomenEmpowerment', '#PrimeMinister', '#WomenOfCongress']"
['/p/BqWhMjcFu12/'],"8,426",160,36.3k,"['#IGTV', '#IndiasIndira', '#IndiraGandhi', '#Trailer', '#Gandhi', '#Congress', '#WomenEmpowerment', '#PrimeMinister', '#Courage', '#Determination', '#India']"
['/p/BqRe8aSFMQc/'],"5,897",26,-1,"['#StrongerTogether', '#DaroMat']"
['/p/BqRe4NNlxJ7/'],"3,748",6,-1,"['#StrongerTogether', '#DaroMat']"
['/p/BqReUixFuI4/'],"5,193",15,-1,"['#StrongerTogether', '#DaroMat']"
['/p/BqReRQmlFjs/'],"5,879",17,-1,"['#StrongerTogether', '#DaroMat']"
['/p/BqRePLGFy1c/'],"4,638",10,-1,"['#StrongerTogether', '#DaroMat']"
['/p/BqReCb0Fxtt/'],"5,475",15,-1,"['#StrongerTogether', '#DaroMat']"
['/p/BqPnwF-FYgh/'],"25,674","1,156",128k,"['#madhyapradesh', '#RahulGandhi', '#politics', '#Congress', '#BJP', '#FailedPromises', '#Modi', '#divide', '#sawdhan', '#beware']"
['/p/BqMfL11lREK/'],"24,397",697,194k,"['#Modi', '#RememberingNehru', '#Nehru', '#Congress', '#PrimeMinister', '#ChildrensDay', '#Tharoor', '#NarendraModi', '#BJP']"
['/p/BqEif5gFy9X/'],20k,213,-1,"['#FakeNews', '#Cryptocurrency', '#Twitter', '#Congress', '#AI', '#Conversation', '#India', '#SocialMedia', '#JackDorsey', '#RahulGandhi', '#MondayMorning', '#PicOfTheDay', '#PhotoOfTheDay', '#stopthebias', '#jackdorsey', '#jackdorsey']"
['/p/Bp64yqzF_1o/'],"5,741",106,23.6k,"['#DestructionbyDemonetisation', '#Demonetisation', '#BlackDay', '#BlackMoneyDay', '#November8', '#NoteBandiKiDoosriBarsi', '#ModiDisaster', '#Modi', '#IndianEconomy', '#Dictator', '#BJP', '#NarendraModi', '#India']"
['/p/Bp6y4bPFDQ-/'],"7,990",166,46.2k,"['#BlackDay', '#DestructionbyDemonetisation', '#Demonetisation', '#BlackDay', '#BlackMoneyDay', '#November8', '#NoteBandiKiDoosriBarsi', '#ModiDisaster', '#Modi', '#IndianEconomy', '#Dictator', '#BJP', '#NarendraModi', '#India']"
['/p/Bp6qbzKFYHz/'],"4,743",50,16.3k,"['#BlackDay', '#DestructionbyDemonetisation', '#BlackDay', '#BlackMoneyDay', '#Demonetisation', '#November8', '#ModiDisaster', '#IndianEconomy', '#Failure', '#BJP', '#NarendraModi', '#India', '#NoteBandiKiDoosriBarsi']"
['/p/Bp6enbklfx3/'],"5,331",68,-1,"['#DestructionbyDemonetisation', '#BlackDay', '#Demonetisation', '#November8', '#Modi', '#BJP', '#NoteBandiKiDoosriBaarish', '#IndianEconomy', '#Failure', '#satyamevajayate']"
['/p/Bp6ekqEFb13/'],"5,953",46,-1,"['#DestructionByDemonetisation', '#BlackDay', '#Demonetisation', '#November8', '#Modi', '#BJP', '#NoteBandiKiDoosriBaarish', '#IndianEconomy', '#BlackMoneyDay', '#Failure']"
['/p/Bp6eajCF9uN/'],"5,607",71,-1,"['#DestructionbyDemonetisation', '#BlackDay', '#Demonetisation', '#November8', '#Modi', '#BJP', '#NoteBandiKiDoosriBaarish', '#IndianEconomy', '#Failure', '#satyamevajayate']"
['/p/Bp1bDy_FB98/'],21.2k,250,-1,"['#KarnatakaBypolls', '#KarnatakaRejectsBJP', '#RahulGandhi', '#Kumaraswamy', '#Congress', '#JDS', '#Karnataka', '#Elections', '#RoadTo2019', '#Unity', '#InstaTuesday']"
['/p/BptBVDxlUcY/'],"3,329",20,16.3k,"['#InConversationWith', '#Congress', '#SushmitaDev', '#IGTV', '#Congress', '#Mahila', '#Politics', '#Assam', '#India', '#WomenEmpowerment', '#WomenOfIndia']"
['/p/BppCJ5BBna6/'],"4,155",24,-1,"['#InConversationWith', '#Congress', '#Politics', '#SushmitaDev', '#Assam', '#WomenEmpowerment', '#Mahila', '#WomenofIndia', '#India', '#InstaThursday', '#CantWait', '#CongressZindabadüá®üáÆ']"
['/p/BpoogfNBrby/'],19.3k,197,-1,"['#Unity', '#Congress', '#rahulgandhi', '#Politics', '#TDP', '#narachandrababunaidu', '#Telugu', '#AndhraPradesh', '#INC']"
['/p/BpmsOdqhD8a/'],"4,802",83,-1,"['#Whatsapp', '#political', '#Congress']"
['/p/BplzYKnhLDE/'],"7,574",111,19.2k,"['#Congress', '#IronMan', '#India', '#nation', '#RSS', '#StatueOfUnity', '#SardarPatel', '#BJP', '#truth', '#Unity', '#Secular', '#Bharat', '#Modi', '#VideoOfTheDay', '#politics']"
['/p/Bpg_nIsA19i/'],13.5k,115,-1,"['#History', '#MahakaleshwarTemple', '#Congress', '#RahulGandhi', '#India', '#HinduTemple', '#Temple', '#MadhyaPradesh', '#SoniaGandhi', '#IndiraGandhi', '#HeartOfIndia', '#IncredibleIndia', '#2018']"
['/p/Bpb1mhmAbfc/'],"5,916",67,25.5k,"['#InConversationWith', '#Congress', '#Rajasthan', '#SachinPilot', '#IGTV']"
['/p/BpZBPNhggfV/'],21.5k,356,-1,"['#LIVE', '#CBI', '#ModiSeCBIBachao', '#CBIvsCBI', '#CongressZindabadüá®üáÆ']"
['/p/BpPgzH9gYQY/'],"4,224",35,15.2k,"['#DaroMat', '#adhm2018', '#dauddilli', '#pappusedarlagtahai', '#Daromat', '#darao_mat']"
['/p/BpPgNCbgOT-/'],"4,294",37,16.5k,"['#DaroMat', '#adhm2018', '#dauddilli', '#darao_mat']"
['/p/BpPf-gwgsBt/'],"4,743",31,16.7k,"['#DaroMat', '#youth', '#adhm2018', '#dauddilli', '#darao_mat']"
['/p/BpKJN_9gjCo/'],12.3k,116,-1,"['#Congress', '#Telangana']"
['/p/BpHnrXlgywX/'],14.5k,90,-1,['#Dussehra']
['/p/BpHdF9PgHwD/'],13.8k,61,-1,['#Dussehra']
['/p/BpG45b9g_yA/'],"13,743",963,113k,"['#FlashbackFriday', '#Dussehra']"
['/p/BpERjsrA-s6/'],11.3k,75,-1,['#‡§ö‡§æ‡§ü‡•Å‡§ï‡§æ‡§∞']
['/p/Bo_A7K2As9P/'],12.3k,133,-1,[]
['/p/Bo9eRCRAyR3/'],10.1k,63,-1,[]
['/p/Bo8qTWNghv5/'],10.9k,123,-1,[]
['/p/Bo5_LkgA_1M/'],"9,860",39,-1,[]
['/p/Bo34bQpg2Ph/'],10.6k,71,-1,"['#RafaleScam', '#RahulGandhiWithHAL']"
['/p/Bo0vG_RgTCe/'],11.9k,86,-1,[]
['/p/BoyP2oJAfpI/'],10.9k,99,-1,['#RafaleScamGrandExpose']
['/p/BowHIUhg741/'],11.9k,112,-1,[]
['/p/BovjifUgszg/'],12.2k,54,-1,[]
['/p/BotrybsAVsJ/'],12.7k,126,-1,[]
['/p/BotHO1AAi-m/'],14.1k,136,-1,[]
['/p/BorAf_vgZ2Q/'],15.2k,59,-1,[]
['/p/BomN_NlA4Ue/'],10.5k,68,-1,['#CongressSankalpRally']
['/p/Bol5JDpgSYK/'],12k,80,-1,['#CongressSankalpYatra']
['/p/BolzrdegOrb/'],13.5k,150,-1,['#CongressSankalpYatra']
['/p/BolnW1wg5W9/'],11.5k,63,-1,['#CongressSankalpYatra']
['/p/BoisRPqA3Yv/'],16.7k,98,-1,[]
['/p/BoihccCgxOO/'],12.3k,88,-1,[]
['/p/BogrP3ng7L_/'],"6,667",83,-1,['#ProbeRafaleScam']
['/p/BoeC3f0A-c_/'],"9,742",174,24.7k,['#bjp']
['/p/BobxL3ZHb86/'],15.3k,150,-1,['#Gandhi150']
['/p/BobhsrxnjWF/'],12.3k,50,-1,['#Gandhi150']
['/p/Bobd559HuyD/'],12.7k,52,-1,['#Gandhi150']
['/p/Boaj7W3nCus/'],13.9k,58,-1,"['#GandhiJayanti', '#GandhiAt150']"
['/p/BoYjVtOHVEm/'],10.9k,87,-1,[]
['/p/BoTAMKjgCS3/'],"14,253",514,74.3k,['#ModiAmbaniBlockbuster']
['/p/BoRNX40gPMF/'],12k,151,-1,['#BadlegaMadhyaPradesh']
['/p/BoO9-fkgNl8/'],11.4k,125,-1,['#made']
['/p/BoOVFJoAzeD/'],12.3k,77,-1,[]
['/p/BoOTHXigqY4/'],"9,748",62,-1,[]
['/p/BoLvai4APtC/'],"9,843",67,-1,[]
['/p/BoLMGpfg1PK/'],10.8k,153,-1,['#HappyBirthdayDrSingh']
['/p/BoI-22JAUJs/'],"8,821",42,-1,[]
['/p/BoHAjcZA3z6/'],"9,035",38,-1,[]
['/p/BoG33ywAu_f/'],"9,225",34,-1,[]
['/p/BoGjfXNg3tx/'],"8,375",33,-1,['#‡§Ö‡§Æ‡•á‡§†‡•Ä']
['/p/BoBmzOWgKlv/'],11.9k,168,-1,['#RafaleModiKaKhel']
['/p/BoBcjLsg9-o/'],"8,843",45,-1,[]
['/p/BoA6DvXAEhF/'],"3,784",37,16k,['#ModiRafaleLiesExposed']
['/p/Bn_X02lgHpZ/'],"4,362",41,-1,['#ModiRafaleLiesExposed']
['/p/Bn8hHhMgTqp/'],"9,703",53,-1,[]
['/p/Bn8g08SAIDF/'],"9,851",105,-1,['#AapnoRahulGandhi']
['/p/Bn59pJyA_a3/'],11.3k,47,-1,[]
['/p/Bn3g98FgTH5/'],11.9k,104,-1,[]
['/p/Bn3U6y-AC3O/'],"9,347",45,-1,[]
['/p/Bn3FckqgUF8/'],"9,893",58,-1,['#petrol']
['/p/Bn3CYA4Ap7R/'],"9,355",28,-1,[]
['/p/Bn1FxpTgnNU/'],14.6k,133,-1,['#CongressSankalpYatra']
['/p/Bn1AwzygK2y/'],"7,369",98,20.5k,['#CongressSankalpYatra']
['/p/Bn0kqu0A9Ss/'],11.4k,97,-1,['#CongressSankalpYatra']
['/p/Bn0dHSbA8vN/'],12k,53,-1,['#CongressSankalpYatra']
['/p/BnvkloPHzyz/'],13k,131,-1,[]
['/p/BnsOH4EnFwj/'],14.6k,348,-1,[]
['/p/BnqgRwdg2ld/'],"6,165",60,-1,['#ArunJaitleyStepDown']
['/p/BnqRdJDAQDL/'],"9,579",84,-1,['#ArunJaitleyStepDown']
['/p/Bnp8oooAXdy/'],12.4k,66,-1,[]
['/p/BnoNhgoHC7l/'],10.8k,582,-1,[]
['/p/BnnjM2PgQL2/'],10k,50,-1,[]
['/p/Bni2Y5zgztV/'],"5,762",211,-1,[]
['/p/Bnif175AXjj/'],"7,979",65,-1,"['#KailashYatra', '#Rajghat']"
['/p/BniT-etAMdy/'],"9,965",98,-1,"['#Demonetisation', '#BharatBandh', '#MehangiPadiModiSarkar']"
['/p/BniLlwjgHO3/'],"6,487",111,-1,"['#BharatBandh', '#MehangiPadiModiSarkar']"
['/p/BniAnyBAqtA/'],"8,344",163,-1,"['#MehangiPadiModiSarkar', '#BharatBandh', '#assholebjpsupporters']"
['/p/Bnh_pJxgne2/'],"6,614",53,23k,"['#BharatBandh', '#MehangiPadiModiSarkar']"
['/p/BndnDmUgDdv/'],"5,976",246,-1,[]
['/p/BndQbMMg5Sg/'],14.7k,134,-1,[]
['/p/BnakYFzAsSV/'],20.8k,332,-1,['#KailashYatra']
['/p/BnX91k_g22w/'],"4,354",33,-1,['#Section377']
['/p/BnX6ZH5AxFv/'],"3,290",43,17.2k,['#Section377']
['/p/BnWbwtjg6vB/'],"6,496",234,27.7k,['#TeachersDay']
['/p/BnVF6cHAhvz/'],"7,511",107,-1,['#BahutHuiMahangaiKiMaar']
['/p/BnS5R0wAiQE/'],12k,94,-1,[]
['/p/BnQmhDPgk29/'],"5,123",145,23.2k,['#ModiAmbaniRafaleScam']
['/p/BnLK4zugBdp/'],10k,151,-1,[]
['/p/BnIjvxWAejl/'],"7,773",561,39.2k,['#ModiDemonetisationScam']
['/p/BnGn0fFACLd/'],10.4k,133,-1,['#ModiDemonetisationScam']
['/p/BnGf7Nzgypv/'],10.1k,115,-1,[]
['/p/BnDuf0pAnqf/'],"8,428",42,-1,['#RebuildingKerala']
['/p/BnBzjdwgYdi/'],"6,286",61,17.9k,['#RebuildingKerala']
['/p/BnBgv-AgB4O/'],"9,796",69,-1,['#RebuildingKerala']
['/p/BnAtsaZAvAm/'],"8,170",46,-1,"['#RebuildingKerala', '#unitekerala', '#Togetherwecan', '#RebuildKerala', '#KeralaFlood2018RehabilitationMission']"
['/p/Bm6U4cggpS7/'],"8,482",95,-1,[]
['/p/Bm6Dvw5APxg/'],"8,575",46,-1,[]
['/p/Bm3zv6EAUzN/'],"9,192",95,-1,[]
['/p/Bm3T9VUAeDY/'],"8,354",45,-1,[]
['/p/Bm3DwhBAo4W/'],"9,557",95,-1,[]
['/p/Bm0al6vgFq6/'],13.7k,108,-1,[]
['/p/Bm0YgDJgibg/'],12.6k,101,-1,[]
['/p/BmyguHOgF3Z/'],"7,457",55,-1,[]
['/p/Bmxtg7Rgt3a/'],11.1k,70,-1,['#WillkommenRahulGandhi']
['/p/BmuybM8gDp2/'],15.9k,70,-1,[]
['/p/Bms7VvqANL5/'],"9,037",23,-1,[]
['/p/Bmr2TFcA4v4/'],11.7k,78,-1,"['#RememberingRajivGandhi', '#RajivSadbhavnaDivas']"
['/p/Bmr1obFggri/'],13.4k,65,-1,"['#RememberingRajivGandhi', '#RajivSadbhavnaDivas']"
['/p/BmnhcuSAhqD/'],"9,991",62,-1,[]
['/p/Bmk0syfg8HM/'],11.9k,231,-1,[]
['/p/BmkYg-jAhdy/'],"3,660",43,-1,['#IndiaStandsWithKerala']
['/p/BmiR6c0gHDa/'],11.1k,91,-1,"['#SanjhiVirasat', '#standwithkerala']"
['/p/BmfQcFCAocz/'],13.8k,148,-1,"['#MainTirangaHoon', '#IndependenceDayIndia']"
['/p/Bme7U0kAZQP/'],"4,820",100,10.5k,[]
['/p/BmdGiSAAnmK/'],"9,255",57,-1,[]
['/p/Bmc-mo_AMml/'],"6,347",220,-1,[]
['/p/BmayySZggeG/'],"8,479",49,-1,[]
['/p/BmagaO6A3SA/'],"5,710",483,30.2k,[]
['/p/BmVp8rlgRdO/'],"9,194",62,-1,[]
['/p/BmVSXA1gTiV/'],10.4k,90,-1,[]
['/p/BmTLm4NAOqx/'],"8,230",81,-1,[]
['/p/BmSklWBAXZ8/'],"8,208",66,-1,[]
['/p/BmQGfDzgZ0q/'],"8,400",48,-1,"['#ABB', '#KE', '#BAR', '#RAHUL', '#SHARKAR']"
['/p/BmNr9bMAfGA/'],"8,528",117,-1,[]
['/p/BmLA4-bgc1t/'],10.2k,90,-1,"['#MahilaAdhikarSammelan', '#MahilaAdhikaarSammelan']"
['/p/BmIahGig0p1/'],14.6k,169,-1,[]
['/p/BmD8xKRAVVl/'],"8,637",75,-1,[]
['/p/BmC-T10Aj-7/'],"8,997",66,-1,[]
['/p/BmALz66A4j4/'],10.6k,89,-1,[]
['/p/Bl9gRWMgLWL/'],"7,437",38,-1,[]
['/p/Bl76BtrgivK/'],12.7k,116,-1,[]
['/p/Bl7YvALAmvR/'],"7,473",41,-1,['#AICC']
['/p/Bl5Vm85gu6X/'],14.8k,197,-1,[]
['/p/Bl2k7mBgWJ1/'],"9,506",116,-1,[]
['/p/BlzQ_3Lg6_F/'],11.9k,231,-1,[]
['/p/Blwsj4-h1Zf/'],"3,588",226,15.6k,[]
['/p/Blui13PnoWQ/'],"2,836",93,12.9k,[]
['/p/Blr5cvFgCsc/'],"8,590",114,-1,[]
['/p/Blp-uZ9g8Ru/'],10.2k,185,-1,[]
['/p/Blnk-jyA5io/'],10.9k,165,-1,[]
['/p/Blm3y_6A0mC/'],"4,816",381,27.3k,[]
['/p/BlkiAvWg35C/'],"9,423",230,-1,"['#yuva_skti', '#incindia']"
['/p/Blh-kBvg8V_/'],"6,821",118,-1,['#CWC']
['/p/Blhfo50gtD_/'],"9,486",143,-1,['#CWC']
['/p/BlfysyAliY4/'],"5,705",413,20.5k,[]
['/p/BlfBRvDAARz/'],"5,935",260,-1,['#pappus']
['/p/BlctcpKgHAx/'],15.6k,638,-1,['#BhukampAaGaya']
['/p/BlcT6bLjIC3/'],"7,458",268,42.3k,['#KyaHuaTeraVaada']
['/p/BlZ5B7-gN_V/'],"7,876",173,-1,['#AICC']
['/p/BlW0prJgpM0/'],"4,851",195,-1,[]
['/p/BlU0XylAYmj/'],"7,776",145,-1,[]
['/p/BlQw3eDg7cO/'],"5,948",80,-1,"['#WorldCup', '#WorldCupFinal']"
['/p/BlQRd6NAvcQ/'],"8,095",96,-1,[]
['/p/BlNvBf7gvhA/'],"9,918",186,-1,[]
['/p/BlKVxj3g_Xo/'],"8,301",250,-1,['#AICC']
['/p/BlIQ_zcg3vb/'],"7,443",113,-1,[]
['/p/BlF2dtJgyQc/'],"7,544",157,-1,[]
['/p/BlAl9GLgkEI/'],"7,926",144,-1,[]
['/p/Bk6wpprAldn/'],"7,669",146,-1,[]
['/p/Bk442hTAyiM/'],"6,608",108,-1,[]
['/p/Bk2TBWWgAvJ/'],"7,585",123,-1,[]
['/p/Bk1sYm1AELR/'],"5,478",80,-1,[]
['/p/BkzxRBagTnx/'],"6,209",92,-1,[]
['/p/Bkza9scgZJe/'],"7,198",108,-1,[]
['/p/BkunQ7PAkWC/'],"8,078",108,-1,[]
['/p/BkpouEMAOne/'],"2,242",61,"7,447",['#PrimeMinisterUnfollowTrolls']
['/p/Bkoz34-AAQg/'],"7,606",129,-1,[]
['/p/BkmR7-BgkQC/'],"5,550",23,-1,['#WhoKilledMathuraRoad']
['/p/BkjiBqxAzKo/'],"6,230",94,-1,['#TogetherForOdisha']
['/p/BkhsrWNAfpa/'],"8,729",141,-1,[]
['/p/BkcjNf8AZqx/'],10.7k,212,-1,[]
['/p/BkXVX1sgdq3/'],"2,640",275,12k,[]
['/p/BkU4j88gb0j/'],"7,170",142,-1,[]
['/p/BkSg5RVA4wc/'],"3,658",173,20.3k,['#WorldCup']
['/p/BkP68Aagn-2/'],"7,044",102,-1,[]
['/p/BkP400pgFi0/'],"2,309",231,"8,003","['#Conhress', '#Ghotale', '#Worldcrimbranch', '#Atankisanghatna']"
['/p/BkMGAB3gVrl/'],"7,691",300,-1,[]
['/p/BkKzXeHgdvC/'],"2,615",69,"8,430",[]
['/p/BkCguTuAC8Q/'],"6,955",118,-1,[]
['/p/Bj-NCvTgPjM/'],"5,912",101,-1,['#Iftar']
['/p/Bj-I4MhAD_E/'],"6,964",106,-1,['#Iftar']
['/p/Bj9aTo7AUfq/'],"6,412",107,-1,['#Jai']
['/p/Bj7JnFGg7s4/'],"6,867",90,-1,['#RahulGandhiInMumbai']
['/p/Bj4lzn-A18i/'],"7,709",117,-1,[]
